-- Orta çağ item seti + kaynak bazlı loot havuzları
-- lib/item-catalog.ts + lib/content-loot.ts ile senkron
-- Supabase SQL Editor'da çalıştırın.

BEGIN;

ALTER TABLE item_templates ADD COLUMN IF NOT EXISTS emoji text;
ALTER TABLE item_templates ADD COLUMN IF NOT EXISTS slug text;
CREATE UNIQUE INDEX IF NOT EXISTS item_templates_slug_idx ON item_templates (slug);

DELETE FROM character_items WHERE item_template_id::text LIKE 'a101%';
DELETE FROM loot_table_items WHERE item_template_id::text LIKE 'a101%';
DELETE FROM item_templates WHERE id::text LIKE 'a101%';

INSERT INTO item_templates (id, slug, name, emoji, slot, rarity) VALUES
  ('a1020101-0001-4000-8000-000000000001', 'kilic-common', 'Yaygın Kılıç', '🗡️', 'WEAPON', 'COMMON'),
  ('a1020101-0001-4000-8000-000000000002', 'kilic-normal', 'Normal Kılıç', '🗡️', 'WEAPON', 'NORMAL'),
  ('a1020101-0001-4000-8000-000000000003', 'kilic-rare', 'Nadir Kılıç', '🗡️', 'WEAPON', 'RARE'),
  ('a1020101-0001-4000-8000-000000000004', 'kilic-high', 'Üstün Kılıç', '🗡️', 'WEAPON', 'HIGH'),
  ('a1020101-0001-4000-8000-000000000005', 'kilic-unique', 'Eşsiz Kılıç', '🗡️', 'WEAPON', 'UNIQUE'),
  ('a1020102-0001-4000-8000-000000000001', 'yay-common', 'Yaygın Yay', '🏹', 'WEAPON', 'COMMON'),
  ('a1020102-0001-4000-8000-000000000002', 'yay-normal', 'Normal Yay', '🏹', 'WEAPON', 'NORMAL'),
  ('a1020102-0001-4000-8000-000000000003', 'yay-rare', 'Nadir Yay', '🏹', 'WEAPON', 'RARE'),
  ('a1020102-0001-4000-8000-000000000004', 'yay-high', 'Üstün Yay', '🏹', 'WEAPON', 'HIGH'),
  ('a1020102-0001-4000-8000-000000000005', 'yay-unique', 'Eşsiz Yay', '🏹', 'WEAPON', 'UNIQUE'),
  ('a1020103-0001-4000-8000-000000000001', 'kalkan-common', 'Yaygın Kalkan', '🛡️', 'OFFHAND', 'COMMON'),
  ('a1020103-0001-4000-8000-000000000002', 'kalkan-normal', 'Normal Kalkan', '🛡️', 'OFFHAND', 'NORMAL'),
  ('a1020103-0001-4000-8000-000000000003', 'kalkan-rare', 'Nadir Kalkan', '🛡️', 'OFFHAND', 'RARE'),
  ('a1020103-0001-4000-8000-000000000004', 'kalkan-high', 'Üstün Kalkan', '🛡️', 'OFFHAND', 'HIGH'),
  ('a1020103-0001-4000-8000-000000000005', 'kalkan-unique', 'Eşsiz Kalkan', '🛡️', 'OFFHAND', 'UNIQUE'),
  ('a1020104-0001-4000-8000-000000000001', 'asa-common', 'Yaygın Asa', '🦯', 'WEAPON', 'COMMON'),
  ('a1020104-0001-4000-8000-000000000002', 'asa-normal', 'Normal Asa', '🦯', 'WEAPON', 'NORMAL'),
  ('a1020104-0001-4000-8000-000000000003', 'asa-rare', 'Nadir Asa', '🦯', 'WEAPON', 'RARE'),
  ('a1020104-0001-4000-8000-000000000004', 'asa-high', 'Üstün Asa', '🦯', 'WEAPON', 'HIGH'),
  ('a1020104-0001-4000-8000-000000000005', 'asa-unique', 'Eşsiz Asa', '🦯', 'WEAPON', 'UNIQUE'),
  ('a1020105-0001-4000-8000-000000000001', 'bicak-common', 'Yaygın Bıçak', '🔪', 'WEAPON', 'COMMON'),
  ('a1020105-0001-4000-8000-000000000002', 'bicak-normal', 'Normal Bıçak', '🔪', 'WEAPON', 'NORMAL'),
  ('a1020105-0001-4000-8000-000000000003', 'bicak-rare', 'Nadir Bıçak', '🔪', 'WEAPON', 'RARE'),
  ('a1020105-0001-4000-8000-000000000004', 'bicak-high', 'Üstün Bıçak', '🔪', 'WEAPON', 'HIGH'),
  ('a1020105-0001-4000-8000-000000000005', 'bicak-unique', 'Eşsiz Bıçak', '🔪', 'WEAPON', 'UNIQUE'),
  ('a1020106-0001-4000-8000-000000000001', 'balta-common', 'Yaygın Balta', '🪓', 'WEAPON', 'COMMON'),
  ('a1020106-0001-4000-8000-000000000002', 'balta-normal', 'Normal Balta', '🪓', 'WEAPON', 'NORMAL'),
  ('a1020106-0001-4000-8000-000000000003', 'balta-rare', 'Nadir Balta', '🪓', 'WEAPON', 'RARE'),
  ('a1020106-0001-4000-8000-000000000004', 'balta-high', 'Üstün Balta', '🪓', 'WEAPON', 'HIGH'),
  ('a1020106-0001-4000-8000-000000000005', 'balta-unique', 'Eşsiz Balta', '🪓', 'WEAPON', 'UNIQUE'),
  ('a1020201-0001-4000-8000-000000000001', 'migfer-common', 'Yaygın Deri Başlık', '🧢', 'HELMET', 'COMMON'),
  ('a1020201-0001-4000-8000-000000000002', 'migfer-normal', 'Normal Baş Örtüsü', '🧣', 'HELMET', 'NORMAL'),
  ('a1020201-0001-4000-8000-000000000003', 'migfer-rare', 'Nadir Bozkır Başlığı', '🪶', 'HELMET', 'RARE'),
  ('a1020201-0001-4000-8000-000000000004', 'migfer-high', 'Üstün Şaman Tacı', '👑', 'HELMET', 'HIGH'),
  ('a1020201-0001-4000-8000-000000000005', 'migfer-unique', 'Eşsiz Ay Tacı', '🌙', 'HELMET', 'UNIQUE'),
  ('a1020301-0001-4000-8000-000000000001', 'zirh-common', 'Yaygın Zırh', '🦺', 'ARMOR', 'COMMON'),
  ('a1020301-0001-4000-8000-000000000002', 'zirh-normal', 'Normal Zırh', '🦺', 'ARMOR', 'NORMAL'),
  ('a1020301-0001-4000-8000-000000000003', 'zirh-rare', 'Nadir Zırh', '🦺', 'ARMOR', 'RARE'),
  ('a1020301-0001-4000-8000-000000000004', 'zirh-high', 'Üstün Zırh', '🦺', 'ARMOR', 'HIGH'),
  ('a1020301-0001-4000-8000-000000000005', 'zirh-unique', 'Eşsiz Zırh', '🦺', 'ARMOR', 'UNIQUE'),
  ('a1020401-0001-4000-8000-000000000001', 'cizme-common', 'Yaygın Çizme', '🥾', 'BOOTS', 'COMMON'),
  ('a1020401-0001-4000-8000-000000000002', 'cizme-normal', 'Normal Çizme', '🥾', 'BOOTS', 'NORMAL'),
  ('a1020401-0001-4000-8000-000000000003', 'cizme-rare', 'Nadir Çizme', '🥾', 'BOOTS', 'RARE'),
  ('a1020401-0001-4000-8000-000000000004', 'cizme-high', 'Üstün Çizme', '🥾', 'BOOTS', 'HIGH'),
  ('a1020401-0001-4000-8000-000000000005', 'cizme-unique', 'Eşsiz Çizme', '🥾', 'BOOTS', 'UNIQUE'),
  ('a1020501-0001-4000-8000-000000000001', 'eldiven-common', 'Yaygın Eldiven', '🧤', 'GLOVES', 'COMMON'),
  ('a1020501-0001-4000-8000-000000000002', 'eldiven-normal', 'Normal Eldiven', '🧤', 'GLOVES', 'NORMAL'),
  ('a1020501-0001-4000-8000-000000000003', 'eldiven-rare', 'Nadir Eldiven', '🧤', 'GLOVES', 'RARE'),
  ('a1020501-0001-4000-8000-000000000004', 'eldiven-high', 'Üstün Eldiven', '🧤', 'GLOVES', 'HIGH'),
  ('a1020501-0001-4000-8000-000000000005', 'eldiven-unique', 'Eşsiz Eldiven', '🧤', 'GLOVES', 'UNIQUE'),
  ('a1020601-0001-4000-8000-000000000001', 'at-common', 'Yaygın At', '🐴', 'MOUNT', 'COMMON'),
  ('a1020601-0001-4000-8000-000000000002', 'at-normal', 'Normal Bozkır Atı', '🐎', 'MOUNT', 'NORMAL'),
  ('a1020601-0001-4000-8000-000000000003', 'at-rare', 'Nadir Hızlı At', '🏇', 'MOUNT', 'RARE'),
  ('a1020601-0001-4000-8000-000000000004', 'at-high', 'Üstün Savaş Atı', '🦓', 'MOUNT', 'HIGH'),
  ('a1020601-0001-4000-8000-000000000005', 'at-unique', 'Eşsiz Tulpar', '🦄', 'MOUNT', 'UNIQUE'),
  ('a1020701-0001-4000-8000-000000000001', 'yuzuk-common', 'Yaygın Yüzük', '💍', 'RING', 'COMMON'),
  ('a1020701-0001-4000-8000-000000000002', 'yuzuk-normal', 'Normal Yüzük', '💍', 'RING', 'NORMAL'),
  ('a1020701-0001-4000-8000-000000000003', 'yuzuk-rare', 'Nadir Yüzük', '💍', 'RING', 'RARE'),
  ('a1020701-0001-4000-8000-000000000004', 'yuzuk-high', 'Üstün Yüzük', '💍', 'RING', 'HIGH'),
  ('a1020701-0001-4000-8000-000000000005', 'yuzuk-unique', 'Eşsiz Yüzük', '💍', 'RING', 'UNIQUE'),
  ('a1020801-0001-4000-8000-000000000001', 'kemer-common', 'Yaygın Kemer', '🎗️', 'BELT', 'COMMON'),
  ('a1020801-0001-4000-8000-000000000002', 'kemer-normal', 'Normal Kemer', '🎗️', 'BELT', 'NORMAL'),
  ('a1020801-0001-4000-8000-000000000003', 'kemer-rare', 'Nadir Kemer', '🎗️', 'BELT', 'RARE'),
  ('a1020801-0001-4000-8000-000000000004', 'kemer-high', 'Üstün Kemer', '🎗️', 'BELT', 'HIGH'),
  ('a1020801-0001-4000-8000-000000000005', 'kemer-unique', 'Eşsiz Kemer', '🎗️', 'BELT', 'UNIQUE'),
  ('a1020901-0001-4000-8000-000000000001', 'kolye-common', 'Yaygın Kolye', '📿', 'AMULET', 'COMMON'),
  ('a1020901-0001-4000-8000-000000000002', 'kolye-normal', 'Normal Kolye', '📿', 'AMULET', 'NORMAL'),
  ('a1020901-0001-4000-8000-000000000003', 'kolye-rare', 'Nadir Kolye', '📿', 'AMULET', 'RARE'),
  ('a1020901-0001-4000-8000-000000000004', 'kolye-high', 'Üstün Kolye', '📿', 'AMULET', 'HIGH'),
  ('a1020901-0001-4000-8000-000000000005', 'kolye-unique', 'Eşsiz Kolye', '📿', 'AMULET', 'UNIQUE'),
  ('a1021001-0001-4000-8000-000000000001', 'kupe-common', 'Yaygın Küpe', '💎', 'EARRING', 'COMMON'),
  ('a1021001-0001-4000-8000-000000000002', 'kupe-normal', 'Normal Küpe', '💎', 'EARRING', 'NORMAL'),
  ('a1021001-0001-4000-8000-000000000003', 'kupe-rare', 'Nadir Küpe', '💎', 'EARRING', 'RARE'),
  ('a1021001-0001-4000-8000-000000000004', 'kupe-high', 'Üstün Küpe', '💎', 'EARRING', 'HIGH'),
  ('a1021001-0001-4000-8000-000000000005', 'kupe-unique', 'Eşsiz Küpe', '💎', 'EARRING', 'UNIQUE')
ON CONFLICT (id) DO UPDATE SET
  slug = EXCLUDED.slug,
  name = EXCLUDED.name,
  emoji = EXCLUDED.emoji,
  slot = EXCLUDED.slot,
  rarity = EXCLUDED.rarity;


INSERT INTO loot_tables (id, name)
VALUES ('31afb626-fc14-43eb-a62a-dbd9ac8bc0ea', 'Görev Ganimeti')
ON CONFLICT (id) DO UPDATE SET name = EXCLUDED.name;

DELETE FROM loot_table_items WHERE loot_table_id = '31afb626-fc14-43eb-a62a-dbd9ac8bc0ea';

INSERT INTO loot_table_items (loot_table_id, item_template_id, drop_chance) VALUES
  ('31afb626-fc14-43eb-a62a-dbd9ac8bc0ea', 'a1020101-0001-4000-8000-000000000001', 40),
  ('31afb626-fc14-43eb-a62a-dbd9ac8bc0ea', 'a1020101-0001-4000-8000-000000000002', 28),
  ('31afb626-fc14-43eb-a62a-dbd9ac8bc0ea', 'a1020102-0001-4000-8000-000000000001', 40),
  ('31afb626-fc14-43eb-a62a-dbd9ac8bc0ea', 'a1020102-0001-4000-8000-000000000002', 28),
  ('31afb626-fc14-43eb-a62a-dbd9ac8bc0ea', 'a1020103-0001-4000-8000-000000000001', 40),
  ('31afb626-fc14-43eb-a62a-dbd9ac8bc0ea', 'a1020103-0001-4000-8000-000000000002', 28),
  ('31afb626-fc14-43eb-a62a-dbd9ac8bc0ea', 'a1020104-0001-4000-8000-000000000001', 40),
  ('31afb626-fc14-43eb-a62a-dbd9ac8bc0ea', 'a1020104-0001-4000-8000-000000000002', 28),
  ('31afb626-fc14-43eb-a62a-dbd9ac8bc0ea', 'a1020105-0001-4000-8000-000000000001', 40),
  ('31afb626-fc14-43eb-a62a-dbd9ac8bc0ea', 'a1020105-0001-4000-8000-000000000002', 28),
  ('31afb626-fc14-43eb-a62a-dbd9ac8bc0ea', 'a1020106-0001-4000-8000-000000000001', 40),
  ('31afb626-fc14-43eb-a62a-dbd9ac8bc0ea', 'a1020106-0001-4000-8000-000000000002', 28),
  ('31afb626-fc14-43eb-a62a-dbd9ac8bc0ea', 'a1020201-0001-4000-8000-000000000001', 40),
  ('31afb626-fc14-43eb-a62a-dbd9ac8bc0ea', 'a1020201-0001-4000-8000-000000000002', 28),
  ('31afb626-fc14-43eb-a62a-dbd9ac8bc0ea', 'a1020301-0001-4000-8000-000000000001', 40),
  ('31afb626-fc14-43eb-a62a-dbd9ac8bc0ea', 'a1020301-0001-4000-8000-000000000002', 28),
  ('31afb626-fc14-43eb-a62a-dbd9ac8bc0ea', 'a1020401-0001-4000-8000-000000000001', 40),
  ('31afb626-fc14-43eb-a62a-dbd9ac8bc0ea', 'a1020401-0001-4000-8000-000000000002', 28),
  ('31afb626-fc14-43eb-a62a-dbd9ac8bc0ea', 'a1020501-0001-4000-8000-000000000001', 40),
  ('31afb626-fc14-43eb-a62a-dbd9ac8bc0ea', 'a1020501-0001-4000-8000-000000000002', 28),
  ('31afb626-fc14-43eb-a62a-dbd9ac8bc0ea', 'a1020601-0001-4000-8000-000000000001', 40),
  ('31afb626-fc14-43eb-a62a-dbd9ac8bc0ea', 'a1020601-0001-4000-8000-000000000002', 28),
  ('31afb626-fc14-43eb-a62a-dbd9ac8bc0ea', 'a1020701-0001-4000-8000-000000000001', 40),
  ('31afb626-fc14-43eb-a62a-dbd9ac8bc0ea', 'a1020701-0001-4000-8000-000000000002', 28),
  ('31afb626-fc14-43eb-a62a-dbd9ac8bc0ea', 'a1020801-0001-4000-8000-000000000001', 40),
  ('31afb626-fc14-43eb-a62a-dbd9ac8bc0ea', 'a1020801-0001-4000-8000-000000000002', 28),
  ('31afb626-fc14-43eb-a62a-dbd9ac8bc0ea', 'a1020901-0001-4000-8000-000000000001', 40),
  ('31afb626-fc14-43eb-a62a-dbd9ac8bc0ea', 'a1020901-0001-4000-8000-000000000002', 28),
  ('31afb626-fc14-43eb-a62a-dbd9ac8bc0ea', 'a1021001-0001-4000-8000-000000000001', 40),
  ('31afb626-fc14-43eb-a62a-dbd9ac8bc0ea', 'a1021001-0001-4000-8000-000000000002', 28);


INSERT INTO loot_tables (id, name)
VALUES ('b2010001-0001-4000-8000-000000000001', 'Zindan Ganimeti')
ON CONFLICT (id) DO UPDATE SET name = EXCLUDED.name;

DELETE FROM loot_table_items WHERE loot_table_id = 'b2010001-0001-4000-8000-000000000001';

INSERT INTO loot_table_items (loot_table_id, item_template_id, drop_chance) VALUES
  ('b2010001-0001-4000-8000-000000000001', 'a1020101-0001-4000-8000-000000000003', 18),
  ('b2010001-0001-4000-8000-000000000001', 'a1020102-0001-4000-8000-000000000003', 18),
  ('b2010001-0001-4000-8000-000000000001', 'a1020103-0001-4000-8000-000000000003', 18),
  ('b2010001-0001-4000-8000-000000000001', 'a1020104-0001-4000-8000-000000000003', 18),
  ('b2010001-0001-4000-8000-000000000001', 'a1020105-0001-4000-8000-000000000003', 18),
  ('b2010001-0001-4000-8000-000000000001', 'a1020106-0001-4000-8000-000000000003', 18),
  ('b2010001-0001-4000-8000-000000000001', 'a1020201-0001-4000-8000-000000000003', 18),
  ('b2010001-0001-4000-8000-000000000001', 'a1020301-0001-4000-8000-000000000003', 18),
  ('b2010001-0001-4000-8000-000000000001', 'a1020401-0001-4000-8000-000000000003', 18),
  ('b2010001-0001-4000-8000-000000000001', 'a1020501-0001-4000-8000-000000000003', 18),
  ('b2010001-0001-4000-8000-000000000001', 'a1020601-0001-4000-8000-000000000003', 18),
  ('b2010001-0001-4000-8000-000000000001', 'a1020701-0001-4000-8000-000000000003', 18),
  ('b2010001-0001-4000-8000-000000000001', 'a1020801-0001-4000-8000-000000000003', 18),
  ('b2010001-0001-4000-8000-000000000001', 'a1020901-0001-4000-8000-000000000003', 18),
  ('b2010001-0001-4000-8000-000000000001', 'a1021001-0001-4000-8000-000000000003', 18);


INSERT INTO loot_tables (id, name)
VALUES ('b2010002-0001-4000-8000-000000000001', 'Grup Zindan Ganimeti')
ON CONFLICT (id) DO UPDATE SET name = EXCLUDED.name;

DELETE FROM loot_table_items WHERE loot_table_id = 'b2010002-0001-4000-8000-000000000001';

INSERT INTO loot_table_items (loot_table_id, item_template_id, drop_chance) VALUES
  ('b2010002-0001-4000-8000-000000000001', 'a1020101-0001-4000-8000-000000000003', 18),
  ('b2010002-0001-4000-8000-000000000001', 'a1020101-0001-4000-8000-000000000004', 8),
  ('b2010002-0001-4000-8000-000000000001', 'a1020102-0001-4000-8000-000000000003', 18),
  ('b2010002-0001-4000-8000-000000000001', 'a1020102-0001-4000-8000-000000000004', 8),
  ('b2010002-0001-4000-8000-000000000001', 'a1020103-0001-4000-8000-000000000003', 18),
  ('b2010002-0001-4000-8000-000000000001', 'a1020103-0001-4000-8000-000000000004', 8),
  ('b2010002-0001-4000-8000-000000000001', 'a1020104-0001-4000-8000-000000000003', 18),
  ('b2010002-0001-4000-8000-000000000001', 'a1020104-0001-4000-8000-000000000004', 8),
  ('b2010002-0001-4000-8000-000000000001', 'a1020105-0001-4000-8000-000000000003', 18),
  ('b2010002-0001-4000-8000-000000000001', 'a1020105-0001-4000-8000-000000000004', 8),
  ('b2010002-0001-4000-8000-000000000001', 'a1020106-0001-4000-8000-000000000003', 18),
  ('b2010002-0001-4000-8000-000000000001', 'a1020106-0001-4000-8000-000000000004', 8),
  ('b2010002-0001-4000-8000-000000000001', 'a1020201-0001-4000-8000-000000000003', 18),
  ('b2010002-0001-4000-8000-000000000001', 'a1020201-0001-4000-8000-000000000004', 8),
  ('b2010002-0001-4000-8000-000000000001', 'a1020301-0001-4000-8000-000000000003', 18),
  ('b2010002-0001-4000-8000-000000000001', 'a1020301-0001-4000-8000-000000000004', 8),
  ('b2010002-0001-4000-8000-000000000001', 'a1020401-0001-4000-8000-000000000003', 18),
  ('b2010002-0001-4000-8000-000000000001', 'a1020401-0001-4000-8000-000000000004', 8),
  ('b2010002-0001-4000-8000-000000000001', 'a1020501-0001-4000-8000-000000000003', 18),
  ('b2010002-0001-4000-8000-000000000001', 'a1020501-0001-4000-8000-000000000004', 8),
  ('b2010002-0001-4000-8000-000000000001', 'a1020601-0001-4000-8000-000000000003', 18),
  ('b2010002-0001-4000-8000-000000000001', 'a1020601-0001-4000-8000-000000000004', 8),
  ('b2010002-0001-4000-8000-000000000001', 'a1020701-0001-4000-8000-000000000003', 18),
  ('b2010002-0001-4000-8000-000000000001', 'a1020701-0001-4000-8000-000000000004', 8),
  ('b2010002-0001-4000-8000-000000000001', 'a1020801-0001-4000-8000-000000000003', 18),
  ('b2010002-0001-4000-8000-000000000001', 'a1020801-0001-4000-8000-000000000004', 8),
  ('b2010002-0001-4000-8000-000000000001', 'a1020901-0001-4000-8000-000000000003', 18),
  ('b2010002-0001-4000-8000-000000000001', 'a1020901-0001-4000-8000-000000000004', 8),
  ('b2010002-0001-4000-8000-000000000001', 'a1021001-0001-4000-8000-000000000003', 18),
  ('b2010002-0001-4000-8000-000000000001', 'a1021001-0001-4000-8000-000000000004', 8);


INSERT INTO loot_tables (id, name)
VALUES ('b2010003-0001-4000-8000-000000000001', 'Dünya Boss Ganimeti')
ON CONFLICT (id) DO UPDATE SET name = EXCLUDED.name;

DELETE FROM loot_table_items WHERE loot_table_id = 'b2010003-0001-4000-8000-000000000001';

INSERT INTO loot_table_items (loot_table_id, item_template_id, drop_chance) VALUES
  ('b2010003-0001-4000-8000-000000000001', 'a1020101-0001-4000-8000-000000000005', 2),
  ('b2010003-0001-4000-8000-000000000001', 'a1020102-0001-4000-8000-000000000005', 2),
  ('b2010003-0001-4000-8000-000000000001', 'a1020103-0001-4000-8000-000000000005', 2),
  ('b2010003-0001-4000-8000-000000000001', 'a1020104-0001-4000-8000-000000000005', 2),
  ('b2010003-0001-4000-8000-000000000001', 'a1020105-0001-4000-8000-000000000005', 2),
  ('b2010003-0001-4000-8000-000000000001', 'a1020106-0001-4000-8000-000000000005', 2),
  ('b2010003-0001-4000-8000-000000000001', 'a1020201-0001-4000-8000-000000000005', 2),
  ('b2010003-0001-4000-8000-000000000001', 'a1020301-0001-4000-8000-000000000005', 2),
  ('b2010003-0001-4000-8000-000000000001', 'a1020401-0001-4000-8000-000000000005', 2),
  ('b2010003-0001-4000-8000-000000000001', 'a1020501-0001-4000-8000-000000000005', 2),
  ('b2010003-0001-4000-8000-000000000001', 'a1020601-0001-4000-8000-000000000005', 2),
  ('b2010003-0001-4000-8000-000000000001', 'a1020701-0001-4000-8000-000000000005', 2),
  ('b2010003-0001-4000-8000-000000000001', 'a1020801-0001-4000-8000-000000000005', 2),
  ('b2010003-0001-4000-8000-000000000001', 'a1020901-0001-4000-8000-000000000005', 2),
  ('b2010003-0001-4000-8000-000000000001', 'a1021001-0001-4000-8000-000000000005', 2);


COMMIT;

SELECT lt.name, count(*) AS item_count
FROM loot_tables lt
JOIN loot_table_items lti ON lti.loot_table_id = lt.id
GROUP BY lt.id, lt.name
ORDER BY lt.name;
